{
  "radius": 8.0,
  "height": 30.0,
  "furnitureUnits": [
    {
      "furnitureID": 371201,
      "position": {
        "x": -0.1,
        "y": 0.0,
        "z": -2.08
      },
      "rotation": {
        "x": 0.0,
        "y": 1.70754709E-06,
        "z": 0.0
      },
      "parentIndex": -1
    },
    {
      "furnitureID": 373310,
      "position": {
        "x": 3.08825684,
        "y": 0.0,
        "z": 0.802001953
      },
      "rotation": {
        "x": -6.482054E-07,
        "y": -5.1226416E-06,
        "z": 2.4191404E-06
      },
      "parentIndex": -1
    },
    {
      "furnitureID": 373309,
      "position": {
        "x": -3.08724976,
        "y": 0.0,
        "z": 0.729187
      },
      "rotation": {
        "x": -6.48204662E-07,
        "y": -2.90283E-05,
        "z": 2.41914086E-06
      },
      "parentIndex": -1
    }
  ]
}