ScheduleID,积分参数a,积分参数b,积分参数c
5058001,0.03781,0.63025,170.588
